{
  "MusicVolume": 0.6999999,
  "SoundVolume": 0.5999999
}